idPaciente,nombre,apellido,dui,telefono
1,Felice,Salmon,98092906,244-725-1150
2,Danny,Benezet,49445910,982-655-1579
3,Ximenez,Connow,32077917,200-971-9665
4,Jdavie,Stockwell,11777736,971-633-0896
5,Kliment,Odgaard,51349309,984-980-7470
6,Zabrina,Hofton,70585735,672-772-1900
7,Leonardo,L'Archer,61865775,813-318-5870
8,Silvie,Forder,36202253,812-512-1758
9,Dominique,Thridgould,61796518,410-360-7557
10,Merralee,Jantel,95704155,722-841-3732
11,Chryste,Rolland,65111863,646-641-1057
12,Josi,Louisot,34329175,681-801-4754
13,Heywood,MacAlester,20035993,758-956-9171
14,Franciska,Wann,93728167,700-919-5100
15,Osbert,Sinnett,80729551,516-343-2663
16,Salome,Clowney,41143158,531-230-9919
17,Gal,Grimwood,47475504,921-304-1513
18,Eloisa,Grandison,58108589,379-635-9131
19,Tine,Ockenden,19912861,938-264-9372
20,Ken,Crannach,20030452,529-295-0239
21,Vasily,Lecointe,57762816,166-898-2976
22,Fannie,Bernardoux,50704393,321-944-6509
23,Kristien,Whittenbury,10159024,682-480-1500
24,Annaliese,Collicott,20358167,300-983-5595
25,Jory,Dubose,59697368,789-384-4967
26,Silvain,Grayland,35734262,236-200-5716
27,Claudetta,Blackstone,16915497,414-572-7680
28,Millicent,Shefton,21007478,494-426-6803
29,Pascale,Ludovico,35345341,595-244-7572
30,Ancell,Grass,30204771,747-704-2690
31,Jeane,Bennedick,60003066,678-507-7852
32,Ancell,Hebard,21493030,671-609-2148
33,Jayme,Jurisic,90604863,359-619-2818
34,Kassia,Rogeon,20198054,722-690-3122
35,Isidora,Goggin,10228096,373-432-1369
36,Wells,Koppel,78917542,551-700-5183
37,Freddi,Hawtry,63520914,493-699-4359
38,Georgianna,McGrae,50169358,452-650-1892
39,Enoch,Colquite,22605324,739-938-6601
40,Orton,Brandsen,77664592,992-471-5555
41,Burty,McInnery,93389240,322-816-3341
42,Lois,Beauman,42594844,351-525-6915
43,Ignace,Perche,74297572,574-118-0789
44,Glennie,Gaffney,82760386,691-796-3265
45,Josh,Chasier,45014106,932-175-3336
46,Rhea,Woolmington,31872054,146-487-9608
47,Kiah,Greenset,34317008,160-279-2568
48,Tyson,Reddel,41392285,267-163-5476
49,Bret,Friatt,65622006,313-542-5956
50,Leora,Howgill,14923600,137-785-4496
51,Isidora,Ambrogini,75181722,947-193-8598
52,Aurelia,Kunc,40753172,967-705-7597
53,Bernie,Keys,85788367,707-383-7936
54,Cesare,Wrankling,10235447,797-282-3650
55,Lonnie,Brunsen,25978602,381-453-6378
56,Mora,Eddisforth,80100718,262-644-8617
57,Sara,Urwen,51063175,429-821-3319
58,Deloris,Growden,90321339,427-622-3131
59,Christiana,Ciccarelli,21739521,695-619-8017
60,Farra,Wines,11166835,269-355-5304
61,Mead,Siemandl,57640984,463-919-7065
62,Shanda,Stride,40684666,374-909-8182
63,Brenden,Smillie,88399756,970-350-7162
64,Sheilakathryn,Scottrell,62375586,210-942-2068
65,Megen,Halvorsen,74655320,430-206-8468
66,Cad,McDirmid,52903838,656-683-9800
67,Orren,Culshaw,11792698,710-511-3328
68,Karina,Raggatt,66621777,733-527-0960
69,Berne,Chatten,27953618,141-153-4891
70,Sybil,Taplin,31854096,735-675-3301
71,Karyl,Tunniclisse,34059126,685-768-9237
72,Glendon,Hargrave,80632195,571-888-7554
73,Beau,Pretor,92340316,838-444-1070
74,Lilla,Aleshkov,69172834,364-868-6141
75,Thekla,Mapp,93214214,784-295-6782
76,Gradey,Caws,47232922,850-851-2166
77,Hester,Offiler,95827329,890-715-5226
78,Creigh,Kulvear,83437754,308-562-0930
79,Giustino,Wellard,13886219,411-686-1400
80,Ansell,Crampton,63531225,227-649-8925
81,Traver,Gosselin,89751694,887-733-8255
82,Lloyd,Spykins,21617915,197-436-3636
83,Nerissa,Johncey,47494291,367-842-2698
84,Gretchen,Trembey,70275407,672-539-4412
85,Denni,Beadnall,16061947,634-543-0392
86,Christy,Knifton,31750300,841-762-5123
87,Milena,Vasnetsov,47271403,620-401-0895
88,Gaspar,Lovatt,88765610,571-783-4924
89,Lolly,Olland,47003262,140-735-4358
90,Charlie,Corre,21835449,571-431-3052
91,Simonne,Terran,96242092,315-124-8069
92,Winifred,Winchcum,33210674,115-226-7445
93,Alberik,Beglin,36204025,626-397-2720
94,Jilli,Spellecy,14754712,756-442-2578
95,Shay,Tilliards,14496177,945-495-8474
96,Wallache,Aspinal,26069063,461-982-0720
97,Raynard,Pasque,58560988,400-647-8025
98,Kellby,Shurman,41610120,474-583-3371
99,Flori,Heisler,47607098,844-671-7512
100,Kile,Barden,88004028,421-986-6373
101,Gordon,Capp,70186982,993-115-0132
102,Serge,Urlich,35304639,468-997-3799
103,Neda,De Micoli,27117192,169-569-7948
104,Mikael,Beggio,28445710,719-149-6427
105,Etty,Simper,82630314,612-115-7736
106,Sheryl,Joye,17190221,779-609-9073
107,Hilliary,Haydn,12081318,387-184-5166
108,Sheri,McIver,76027286,546-514-9681
109,Jonell,Coutts,93973845,537-258-9849
110,Cary,Dampney,31838458,205-925-8491
111,Rourke,Reis,10237726,463-619-5001
112,Joni,O'Leary,23436552,554-368-5759
113,Cara,Elsmore,10889588,861-581-7245
114,Leilah,Secrett,63065749,180-470-1617
115,Valenka,Little,21202419,993-991-6653
116,Averil,Shenfish,88778929,723-197-2468
117,Ewen,Sellen,36485225,419-947-3269
118,Isabeau,Caslett,70388605,500-850-1300
119,Claudie,Crossgrove,22944773,835-869-5107
120,Clotilda,Cissen,87229031,724-400-2156
121,Oates,Golt,61880306,797-296-5958
122,Tracey,Sijmons,64596659,733-115-1055
123,Carly,Southwell,90764895,207-360-7552
124,Carroll,Giacopelo,33805817,824-139-2731
125,Corny,Aspray,33316917,819-758-3429
126,El,Grassi,68899909,695-511-5877
127,Francisco,Brisker,62893185,622-974-1101
128,Benedicto,Ryrie,47544597,848-666-9893
129,Elna,Grinnov,47409002,987-287-8051
130,Marcella,Moye,81285486,269-540-4545
131,Fletcher,Ainger,88222378,824-848-9798
132,Meredith,Redpath,45887011,858-231-0435
133,Madelene,Salamon,47286363,440-443-0105
134,Fredrika,Asgodby,78443980,449-505-0199
135,Hilde,Warricker,97068583,914-399-5214
136,Morton,MacColl,87881355,292-471-4208
137,Cchaddie,Signoret,19451655,718-867-8368
138,Mark,Thibodeaux,30988371,873-110-2076
139,Andris,Dyett,67872924,711-181-2059
140,Noellyn,Heathwood,83421731,310-113-6979
141,Claiborne,Eake,21244517,193-153-6241
142,Wye,O' Clovan,44278702,192-427-0954
143,Ramonda,Cortin,61251117,320-815-5653
144,Happy,Coomes,97495559,963-420-8941
145,Elisabet,Cope,66564548,334-735-0509
146,Yardley,Frisel,36677884,220-589-9357
147,Bennie,Pesek,41388732,179-969-5142
148,Darbie,Wormald,90383583,866-596-7887
149,Sammie,Rickwood,84832629,449-925-0934
150,Yale,Simmill,40472131,439-277-1681
151,Kenna,Moat,67621642,287-161-5561
152,Titus,Fishbourne,92506564,936-790-7049
153,Isak,Haslewood,92791894,531-892-3729
154,Lin,Stenton,87924696,172-130-8586
155,Alfy,Smeal,69876081,179-204-0885
156,Taryn,Roylance,46644267,460-588-2601
157,Amabel,Dodsley,48147034,453-441-5370
158,Robbie,Syncke,81708359,561-196-0405
159,Caroljean,Grinston,96368370,509-613-4414
160,Dalt,Nijs,25277648,562-729-6716
161,Corine,Alcoran,29830277,231-587-1355
162,Nisse,Lyffe,71038816,562-416-5690
163,Timotheus,Lago,82567821,419-293-9755
164,Fabian,Dellenbrok,26192874,331-841-5755
165,Swen,Maneylaws,67104529,595-616-9924
166,Carson,Yapp,85889525,206-943-7329
167,Lorri,Bastie,67390399,820-638-6190
168,Bobby,Reekie,83988120,706-944-5249
169,Val,Kinvan,23332679,652-426-6573
170,Bryn,Yanshinov,14006576,679-846-5694
171,Corissa,Holbie,81661836,322-884-6927
172,Emanuele,Giacopetti,83505550,429-958-4460
173,Atlanta,Sprigging,15356748,185-291-7160
174,Penny,Greguoli,27120688,653-344-5210
175,Jeannine,Ray,29740501,247-550-8998
176,Winnah,Nelthropp,12864497,398-104-3054
177,Lucinda,Fidilis,85027074,917-303-6930
178,Mariya,Sposito,38386674,688-523-6060
179,Salomon,Vinick,59604712,912-224-8238
180,Carolus,Synnott,97155435,417-715-4639
181,Rodd,Caps,82672927,576-477-6969
182,Sioux,Kleeborn,74496749,581-659-0411
183,Alta,Petran,41198910,534-572-0730
184,Rori,Cowderay,98302048,393-959-7652
185,Jackqueline,Wooton,18674316,658-263-9154
186,Reina,McGready,47467562,928-597-8927
187,Kris,Spray,97607026,262-371-2028
188,Blakelee,Gremane,97554331,470-624-1418
189,Ajay,Piddington,75293477,826-497-8200
190,Vitia,Snar,55238287,589-958-4931
191,Benton,Anfusso,55785127,486-225-4571
192,Desdemona,Helstrom,67591929,403-879-3246
193,Neville,Scrimshaw,82772337,467-676-2281
194,Falito,Gierke,93891242,725-481-9504
195,Ebenezer,Cheyne,85541015,109-766-0870
196,Lem,Dufall,55169995,966-179-7764
197,Franny,Duffin,47435315,518-421-4781
198,Sondra,Bibby,88592768,140-547-3898
199,Emilie,Tailby,44993702,667-538-5316
200,Natalee,Georgi,12203304,230-454-8080
201,Izak,Heningham,65800025,725-730-8712
202,Ezequiel,Jeandin,60216248,622-145-1606
203,Eugene,Wadham,69835207,961-225-3908
204,Jess,Lemmers,90028923,971-697-3369
205,Shellie,Corday,85158812,107-195-3141
206,Mirilla,Dawton,81911665,801-961-6352
207,Ingra,MacAlpyne,96150583,903-115-8659
208,Richy,Duffet,82598047,603-323-1418
209,Gwenni,Pankethman,36677411,757-315-9344
210,Timmie,Roche,93735670,487-536-6651
211,Pammy,Bachura,30155044,477-945-9982
212,Anette,Harlowe,22395432,243-191-8645
213,Pete,Romans,75992168,866-205-2533
214,Lanny,Stemp,22373137,159-446-4124
215,Cherie,Balshaw,96450523,590-123-4783
216,Caroline,Staley,82496619,822-662-2242
217,Cornie,Kimbrey,62098987,686-565-4193
218,Jared,Flack,22659133,649-693-1317
219,Silas,Kelle,17721381,904-856-4589
220,Alon,Somner,82123650,230-411-5800
221,Henrietta,Presshaugh,64913967,650-159-9422
222,Lucius,Sewards,21437303,437-179-4460
223,Baird,Killich,22913260,791-695-7398
224,Josefa,MacGauhy,64610954,611-542-8928
225,Broderic,Fazan,80953471,489-296-3223
226,Serene,Garroch,45219477,138-163-2880
227,Auberta,Autin,89815593,329-754-3573
228,Alma,Kording,51778353,117-336-3980
229,Donal,Lushey,48106313,902-898-9258
230,Kerry,Burlay,92633144,975-255-8617
231,Hamlen,Inworth,63804237,299-310-3603
232,Marie-ann,Depke,68655176,979-403-8185
233,Eustace,Flear,89995631,137-423-7470
234,Jedidiah,Linay,85536300,840-803-9599
235,Sherilyn,Morefield,77362686,280-468-8370
236,Gerhard,Kelshaw,33011505,733-168-4010
237,Samara,Oldmeadow,11157521,853-148-2832
238,Eolanda,Hunt,50909450,342-400-6981
239,Gretchen,Ferrulli,82757564,964-865-2086
240,Ase,Dossetter,71430022,529-549-0818
241,Cybill,Sone,58426709,683-946-9441
242,Arly,Sayton,28054806,429-995-9698
243,Wilburt,Tiller,58495663,503-810-1693
244,Horacio,Hasnip,83324140,529-243-1359
245,Roanna,Wallbutton,91691012,657-145-2718
246,Palmer,Penketh,45306665,432-895-4303
247,Garwood,Slyme,84275452,571-701-7408
248,Evy,Crix,50722956,554-193-9562
249,Dolley,Penhearow,14230267,315-295-2581
250,Devondra,Smail,94044576,908-630-0026
251,Shelby,Shardlow,17077018,913-662-0181
252,Gloriane,Brundell,96229970,783-457-3307
253,Kirbie,Ferronier,38404275,986-745-9375
254,Wain,Bugdell,25392308,920-918-7504
255,Charmain,Bartaletti,32060607,971-724-9244
256,Selma,Yurshev,68513427,660-796-4321
257,Jeannie,Brogini,84413494,444-762-4914
258,Hunter,Fitzackerley,44422040,945-998-3208
259,Tamiko,Rosevear,87160535,183-765-6260
260,Rochelle,Muzzall,99074133,330-398-1375
261,Lucretia,Shay,88685506,790-943-3977
262,Abbey,Wedderburn,88461165,218-534-0940
263,Fowler,Longbottom,84490001,316-306-6751
264,Annadiana,Glancey,36963149,487-576-3619
265,Sallyann,Eunson,87070689,302-612-2696
266,Angelina,Silber,76152264,893-392-1522
267,Zachery,Danilchik,76365994,724-907-3224
268,Laney,Sirman,30735440,172-608-4868
269,Gasparo,Shoosmith,77598968,754-954-6880
270,Babs,Roughan,87732652,153-503-9108
271,Gideon,Sparks,66638577,943-174-2811
272,Nelly,Buckmaster,71662571,318-145-5297
273,Ardith,Ruddiman,27624918,305-451-1209
274,Jeanie,Beadman,26284869,706-952-7925
275,Karita,McGougan,39232147,873-676-4718
276,Tedman,Jurisch,65323522,348-653-9666
277,Othelia,Wandrack,48849638,350-394-1950
278,Genovera,Bau,63923757,153-769-5979
279,Georgina,Robardley,77266372,801-956-1323
280,Millie,Leimster,44742325,605-702-6824
281,Codi,Rue,68866145,503-494-4418
282,Xenia,Cussins,19794286,257-454-7714
283,Curran,Gilpillan,68938638,142-161-3549
284,Audrie,Mussard,58139498,682-305-6909
285,Luce,Rosenhaus,54002387,923-476-5832
286,Bridie,Waison,64782560,441-411-8441
287,Pyotr,Bluett,57826651,807-566-8904
288,Hendrika,Ramsey,65023194,536-563-7405
289,Ardella,Gotch,85805551,292-782-7844
290,Wain,Opdenorth,67400422,933-628-2054
291,Arvie,Gilyatt,79648509,165-788-1277
292,Viviyan,Dalman,49580504,192-627-9185
293,Menard,Carl,95353417,204-385-3699
294,Amandy,Hembling,98233936,365-611-4429
295,Linus,Hamlington,50272461,657-870-1235
296,Garek,Wynett,11396453,154-824-5425
297,Chris,Cudd,29881082,203-146-8217
298,Ethelda,Beckford,20143799,584-212-1142
299,Albina,Crosseland,77370821,748-459-8164
300,Claretta,Beddard,18897675,885-530-7247
301,Grissel,Kerrane,26773161,356-425-6619
302,Hugh,Fenlon,24497866,545-586-9518
303,Bale,Warby,63925469,355-737-1717
304,Pavel,Czyz,65314225,743-499-6689
305,Alfy,Blackaller,66864660,973-394-7962
306,Rozalie,Dean,36547233,914-174-4065
307,Olive,Kunath,11129752,394-428-3343
308,Kellia,Giacopazzi,33771388,669-617-7767
309,Evangelia,Morican,41996847,899-118-0308
310,Abbey,Lodwick,63063005,539-459-9561
311,Honoria,Maving,73507742,733-277-9841
312,Lexine,Cussen,72631244,456-468-7723
313,Lorita,Brandt,44175657,841-197-3812
314,Matthew,Pohlak,97552161,763-867-6268
315,Patrice,Silver,35093483,923-467-5690
316,Sisely,Hazeltine,84069305,535-211-4464
317,Danny,Mantz,12367200,998-314-5799
318,Samaria,Farbrace,60673005,622-524-7786
319,Gerhardt,Becerro,39965960,560-693-1928
320,Ashton,Henniger,11317461,916-301-0854
321,Benni,Whiteson,86518135,389-887-9932
322,Edgardo,Lenz,72712983,741-506-1779
323,Velvet,Inderwick,50124314,527-213-6526
324,Vivien,Scanterbury,57041458,203-972-8718
325,Isidoro,Gianolini,45609002,806-874-0223
326,Salvidor,Collidge,38334034,529-679-6111
327,Kellia,Neward,57142311,162-746-3028
328,Crysta,Newarte,84526453,814-878-7236
329,Gallagher,Gowdie,93522326,498-696-7717
330,Franz,Mongain,70525002,862-634-9288
331,Davie,McCullen,98422833,856-850-5251
332,Stillmann,Thomlinson,18183295,475-838-6932
333,Sophey,Poinsett,73747229,880-654-1155
334,Jehu,Lemmer,42911019,921-275-1879
335,Reinhold,Pumphreys,70461296,484-423-0846
336,Garv,Kach,56982222,977-801-9002
337,Tabatha,Siemons,87907986,109-678-7444
338,Greta,Slatford,14113991,745-192-6099
339,Gerrie,MacCart,50899900,176-696-0617
340,Huntley,Brayfield,88804163,348-398-9249
341,Filberte,Larmor,82094866,114-747-5747
342,Karlotte,Pozzo,86994453,720-725-9974
343,Alicea,Zanardii,20290907,808-519-6941
344,Cesare,Sore,65990295,964-684-1650
345,Conan,Crawford,54245905,480-754-2693
346,Beniamino,Diack,79526086,376-137-9571
347,Hazel,Vittle,99424526,382-760-8340
348,Michaelina,Bysouth,65753049,740-516-5635
349,Kerr,Zealander,31270670,799-834-6842
350,Ronna,Garie,55762802,691-646-8769
351,Daven,Ledwich,81162002,285-471-4901
352,Andrea,Rosenblad,22232404,348-814-7511
353,Torr,Feeny,39395075,621-240-3460
354,Dorthy,Beyne,63873123,938-646-1226
355,Clarance,Creed,90949374,493-416-9338
356,Viv,Trudgian,60242363,536-493-8788
357,Nils,Nund,64520926,993-299-3991
358,Theodoric,Ethridge,72509228,618-893-0054
359,Shoshanna,Simunek,48233579,970-862-5606
360,Gilbertine,Millmoe,83893239,735-510-8318
361,Dorie,Beeken,22117797,689-111-1434
362,Allianora,Stoyle,36699006,363-151-8183
363,Morganne,Aylett,24885213,573-801-9655
364,Bart,Gwinnell,67004842,718-531-9693
365,Quent,Gaughan,75622197,717-544-3435
366,Demott,Prime,71243422,434-682-5083
367,Bunni,Romayn,81174227,313-460-6510
368,Elna,Postlewhite,75034737,439-951-6247
369,Gipsy,Josephson,93046786,619-783-2719
370,Nichols,Alelsandrovich,99047669,175-334-4533
371,Jeri,Juanico,36993998,804-206-9203
372,Tessi,Duffet,87062548,228-467-1071
373,Filberto,Fawley,93892833,327-863-5882
374,Corilla,Gisbye,89419210,593-971-5283
375,Sile,Chillingsworth,59069606,364-972-1592
376,Rae,Waples,66456479,376-480-6349
377,Mireille,Gregorace,58682283,371-301-5732
378,Vick,Habron,47538025,662-737-8980
379,Lezley,Dorrington,20436245,944-323-8667
380,Daisy,Mattiuzzi,12698234,355-382-3377
381,Sue,Milch,31676094,947-402-1194
382,Niall,Grieg,91258707,441-454-0696
383,Matti,Newark,71164687,805-519-3743
384,Charles,Frayling,44956280,427-542-8675
385,Gwenny,Yu,16468149,901-424-5355
386,Gery,Fayerbrother,34883269,840-497-8264
387,Nappie,Braikenridge,22030519,117-654-9578
388,Jeromy,Eagell,36746401,462-633-7889
389,Keefer,Heyward,72619237,412-158-0039
390,Frayda,Butter,10833466,511-264-2885
391,Benyamin,Huckabe,71863966,832-568-3335
392,Fernande,Machans,41861701,901-786-8515
393,Aeriell,Prisk,53040939,227-322-7200
394,Loralee,Sellek,15520548,672-538-7790
395,Codi,Mulliner,40787068,892-717-3339
396,Farand,Murphy,26103095,963-883-6387
397,Damiano,Cordie,72168368,827-628-4481
398,Yul,Deas,34546373,408-705-4603
399,Clarke,Van T'Hoog,23483279,604-872-0905
400,Sara-ann,Mancer,30583785,310-584-8850
401,Conant,Deeth,75341594,594-244-6291
402,Hendrik,Nason,10559130,726-699-4100
403,Trescha,Borrott,61297892,111-704-1344
404,Wallas,Thame,32421375,675-627-7430
405,Tate,Hazeley,62499922,430-570-6358
406,Velvet,Blofeld,87324687,509-770-3244
407,Fidel,Gumby,39863718,401-362-7284
408,Francois,Fosdike,42231844,541-935-3933
409,Pepi,Burrows,95415123,928-764-4326
410,Abe,Jordan,10021348,699-619-4836
411,Avivah,Boam,76114922,953-568-2881
412,Templeton,Newton,33936998,136-626-3395
413,Robbie,Baselli,56229865,237-397-1649
414,Kipper,Shakespeare,87531925,900-310-3873
415,Tripp,Collier,23706831,626-621-8161
416,Bordie,Jenk,46674583,197-938-2012
417,Cloris,Kiendl,82245005,492-315-8155
418,Elnora,Baser,65090545,297-637-7591
419,Valma,Kellie,43886323,276-385-2373
420,Marie-ann,Menauteau,56829581,149-277-8684
421,Babb,Plumptre,30424228,166-859-1104
422,Winnah,Abramovici,19845394,796-621-0606
423,Arnaldo,Alesi,96359988,682-651-7037
424,Aurel,Cometson,90739368,190-605-8450
425,Reggy,Buntin,17649660,285-879-7713
426,Kial,Hacket,94720068,132-189-3806
427,Murvyn,Trent,55102030,688-777-6157
428,Jan,Petri,88735008,741-313-1458
429,Donnie,Lohde,90504075,914-379-2902
430,Dall,Ranscombe,34006494,358-194-6065
431,Francyne,Stoate,27746327,562-898-2462
432,Dionne,Gardiner,49799372,677-843-2704
433,Jefferson,Belderfield,17880150,221-742-7602
434,Linda,Purcer,70223086,127-549-5523
435,Katy,Frowen,85135713,353-700-8945
436,Dyna,Matfin,92771556,927-209-4973
437,Claudette,Dadds,29413655,693-451-3790
438,Gerti,Elfes,59941081,364-923-1556
439,Beverly,O'Doohaine,39657295,522-436-9788
440,Nikola,Rispine,49675866,583-617-2750
441,Karna,Pettinger,14905003,414-922-4479
442,Elvis,Brocklebank,38303814,113-153-9151
443,Dermot,Codron,51679215,183-961-4060
444,Lib,Pringour,99212416,984-376-0694
445,Tim,Jannex,61768299,453-653-0310
446,Theodora,Kendall,32619337,813-207-2036
447,Hale,Shepton,12245860,577-697-7404
448,Gibby,Spellessy,50803549,593-692-5634
449,Callie,Hofler,12737795,320-209-8001
450,Sheffield,Frith,34177324,165-262-9878
451,Alisa,Chaplyn,18839814,356-330-5475
452,Ana,Porte,65167384,112-103-3063
453,Mariele,Lowseley,89235919,854-661-0904
454,Warde,Goter,79325548,223-341-9931
455,Ketti,Deeman,92282538,140-413-1634
456,Penni,Scarth,43374646,804-802-9507
457,Tess,Heims,33686391,539-522-8433
458,Hilliary,Rhucroft,17895011,184-346-3026
459,Parke,Jauncey,39383520,817-615-9376
460,Drucill,Baake,73356322,814-661-1365
461,Lancelot,Godsil,77823423,684-231-3706
462,Shay,Selland,56714358,343-896-2508
463,Giffer,Fretwell,58553252,148-340-8048
464,Cornie,Mordy,85122106,481-366-2662
465,Nari,Instone,78389795,891-244-1119
466,Sue,Stockney,83465961,516-744-6222
467,Mitchel,Gerdes,41631230,334-655-4117
468,Cleavland,Alten,73606187,459-974-2815
469,Vera,Bendig,73864127,950-303-6107
470,Garey,Oxer,44819612,135-994-7189
471,Nedda,Darrington,30464651,213-441-4543
472,Linnet,Craister,14094979,326-817-3018
473,Selby,Redmain,53694458,683-467-0113
474,Hatty,McWhinnie,11754130,169-844-0729
475,Zaccaria,Stapleton,19161475,457-312-5953
476,Susanne,Farron,48628671,370-814-2553
477,Adriane,Kinsman,32992913,903-225-5815
478,Maurizia,Linch,31092540,956-136-0034
479,Erik,Brandon,89093115,939-862-1756
480,Anya,Myring,87965989,837-351-7576
481,Pris,Saer,84304704,971-655-9956
482,Marta,Lenglet,35213123,264-354-8699
483,Carly,Yearn,67812040,220-273-5475
484,Felizio,Thain,44588042,395-105-4389
485,Dur,Folomkin,53523324,459-959-5043
486,Robin,Adds,75086853,869-669-1433
487,Heall,Dymott,24979266,336-355-8328
488,Fidel,MacKowle,46338324,362-532-4298
489,Virgie,Carlino,84395318,654-680-9550
490,Forest,Lavery,38048656,375-938-8905
491,Riordan,Mussington,17851096,545-156-0526
492,Sherye,Burford,86119424,766-941-8668
493,Fernandina,Teaser,32307367,117-764-2946
494,Ebony,Roglieri,31861842,105-698-5902
495,Tracy,Persse,44383742,568-838-5050
496,Thomasine,Messingham,25452099,663-582-3234
497,Elsworth,Panichelli,86851105,737-807-5908
498,Anabel,Degoe,94688041,319-840-8516
499,Hammad,Amy,16289133,892-549-3807
500,Katina,Waberer,78358044,795-355-2697
501,Jandy,Haddy,52674319,538-133-3623
502,Chloe,Tabard,35566983,329-210-0158
503,Corette,McGroarty,87983026,918-444-5980
504,Willi,Grece,21145731,852-727-0115
505,Fayth,Clabburn,57239998,432-685-4615
506,Kimmi,Silverston,33482531,480-457-7029
507,Ortensia,Cescon,46559975,271-487-1885
508,Nilson,Bosden,83914238,471-175-4849
509,Inglebert,Eickhoff,46775247,434-837-5231
510,Julia,Polye,18310022,414-433-4523
511,Nerissa,Aleswell,14577172,101-616-7654
512,Danit,Slocumb,93636487,454-742-1134
513,Carmelita,O'Gormally,38161458,116-457-9387
514,Adel,Yankov,73876563,620-168-8578
515,Merna,Gilphillan,43195773,181-140-7053
516,Lorne,McArdle,23471318,893-922-1450
517,Camel,Flaubert,49488668,626-362-9246
518,Izaak,Keeltagh,40085288,300-158-5684
519,Jewell,Brownsill,42760941,150-472-3637
520,Danella,Fautley,61663061,889-971-8858
521,Bard,Ludlamme,69202289,220-515-1624
522,Hedy,Bebb,89174102,953-879-9486
523,Deeyn,Craster,23400981,113-997-9331
524,Drake,Mattacks,21164314,266-629-2011
525,Priscella,Itscowics,22855884,618-685-1420
526,Corty,Annott,12303022,229-707-9030
527,Paule,Hailey,71841847,287-112-9488
528,Neale,Morphet,68823785,569-761-8855
529,Shena,Lantoph,22418369,997-554-8644
530,Heall,Millthorpe,14365872,417-356-6749
531,Keary,Shannahan,89052605,863-627-9118
532,Filippo,Adamczewski,51025606,796-904-9968
533,Crissie,Lande,83213496,661-523-6100
534,Louie,Baynom,77116694,114-327-0242
535,Asher,Burner,85178868,562-518-5494
536,Cicely,O' Shea,22793814,719-596-4754
537,Callida,Burke,24363567,731-850-4126
538,Cammy,Sinnocke,77223584,824-150-8369
539,Hinze,Brame,75466892,143-451-5753
540,Sile,Streight,75609462,562-462-5264
541,Colette,Stille,13289582,780-201-6070
542,Ugo,Neville,45914018,773-357-7793
543,Mattie,Gold,17835745,920-103-6250
544,Bernadina,Croot,79646146,759-206-0096
545,Carlynn,Whatsize,62634362,470-901-0563
546,Marybelle,Buesden,88863123,234-691-0824
547,Leela,How,54288220,616-752-5153
548,Fletcher,Kibbey,75650607,934-883-2519
549,Tanner,Sambrok,85599145,673-901-8877
550,Olive,Scarfe,17428025,712-487-8671
551,Margarette,Axleby,57640257,818-415-3090
552,Mortie,MacMearty,78393147,730-509-6510
553,Averell,Connop,25610843,626-817-9136
554,Urson,Seebert,36191099,643-673-9719
555,Hagan,Mazin,87445681,649-775-9928
556,Rodolfo,Cowins,67225064,606-634-8013
557,Ingar,Gray,92737292,977-474-4165
558,Antonina,Corbie,60472454,662-964-2626
559,Emilee,Coniff,28607068,250-328-9895
560,Ninnetta,Barnaclough,63605596,610-868-7691
561,Melloney,Parton,76407740,386-996-4429
562,Hewet,Urpeth,18209260,360-166-5340
563,Glyn,Accum,32811736,951-396-8948
564,Ethel,Lamartine,67326732,232-183-6365
565,Huntley,Menier,82540113,863-187-7698
566,Irvin,Linfitt,48311420,165-198-7965
567,Karlee,Rochford,27979032,863-277-3385
568,Claudie,Todari,95085945,613-804-3537
569,Dougie,Lodeke,73879010,203-102-8132
570,Giuseppe,Braime,55825948,359-443-7081
571,Zared,Coyne,62195806,444-107-8789
572,Hughie,Baffin,48652156,658-166-0660
573,Onfre,Cullrford,44047354,225-224-7318
574,Nobie,Mayfield,37916732,619-242-8023
575,Sabra,Lisciandro,94718981,585-605-7969
576,Rodolph,Lampl,19216789,778-418-0435
577,Onfroi,Piquard,67669414,712-777-7582
578,Gerhardt,Stanfield,99991282,592-473-0930
579,Fraze,Hyman,12441523,520-778-2600
580,Kendra,Tantrum,45882018,590-519-7569
581,Madelaine,Amys,42833764,685-220-8965
582,Brinn,McKennan,79573509,671-951-0469
583,Cristin,Tombleson,40281333,255-934-4624
584,Zorine,Norbury,44731318,736-636-7462
585,Zebedee,Jolliffe,17320883,281-512-9840
586,Lexine,Edinburough,69358512,357-164-2866
587,Alexis,Drewson,61785045,603-218-3092
588,Estel,Morrilly,40611907,637-382-4294
589,Kennith,Lympenie,33044995,605-177-6811
590,Pip,Vogel,99674605,853-359-1917
591,Maximo,Drohane,75964897,599-500-9519
592,Barnard,Whittall,32724258,628-618-7644
593,Zuzana,Nelhams,79098791,932-598-8789
594,Patience,Overy,40211348,340-144-0061
595,Natalina,Sinderland,14522626,389-920-6267
596,Thelma,Bridgen,66733598,168-226-1150
597,Nicoline,Sturm,88677977,328-649-1156
598,Franz,Grayling,72486383,627-499-2500
599,Dorthy,Matanin,33135108,693-893-9241
600,Saloma,Dakhno,73375021,966-719-0179
601,Elisha,Conningham,71378459,499-892-4120
602,Ximenes,Troyes,20568756,246-486-1376
603,Koressa,Bront,80274033,708-560-3746
604,Bernie,Limpricht,33705733,875-561-8889
605,Tildi,Durie,90223490,225-642-7367
606,Wash,Marzelo,34930288,611-435-3346
607,Nestor,Baldwin,44284118,189-246-1938
608,Domingo,Petras,46722262,919-536-3509
609,Marylou,Pinckney,74164899,407-974-6914
610,Obed,Cram,20768353,607-139-6409
611,Nickey,Dinsale,76178903,693-704-5172
612,Zebulon,Linggood,72776673,264-955-3193
613,Valentine,Cockran,11739512,335-272-6136
614,Stephenie,Sellar,84154138,734-750-7669
615,Rosene,Tadgell,88169621,290-768-1768
616,Mathilda,Shanklin,97430789,194-151-0012
617,Gwyneth,Cardnell,83206856,228-397-8653
618,Reamonn,Doone,36995366,637-179-3392
619,April,Durrand,67767327,417-334-6776
620,Jethro,Spawell,25636845,350-770-2810
621,Farrand,Harbottle,15534866,376-614-5764
622,Henka,Rentalll,66145540,123-726-5561
623,Gusty,Griffe,95829858,374-952-9718
624,Gusella,Charity,27786051,804-319-9588
625,Jeddy,Truin,20830383,895-631-0051
626,Peyton,Whacket,59674374,963-969-5554
627,Eberto,De Domenici,49909447,456-154-6832
628,Zelma,Rollinshaw,13095216,395-979-6075
629,Essie,Capelin,69078617,280-550-5081
630,Kristopher,Woodcraft,95094294,308-766-5932
631,Pier,Morten,66440179,195-208-9994
632,Kiele,Schoroder,22940150,152-749-3722
633,Grace,Scholer,71278974,129-745-4804
634,Dolf,Vooght,37602856,900-946-5239
635,Whittaker,Shuttell,89255018,354-823-5959
636,Jesse,Jamary,43230702,699-168-6946
637,Klaus,Chapellow,32158336,182-291-6647
638,Mervin,Macenzy,46070630,435-625-4219
639,Elaine,McLucas,90532075,106-562-4417
640,Beau,Berntssen,55848913,945-997-0735
641,Tibold,Kless,80297743,381-974-8558
642,Cam,Cosgry,31612544,434-884-2309
643,Scot,Ibell,72141505,483-487-0909
644,Brandais,Chessill,74192973,986-174-8160
645,Ginger,Logesdale,37046956,633-118-9825
646,Hubert,Arlott,97673119,981-996-7727
647,Aurelia,Brunetti,29546877,338-475-5858
648,Bertina,Jahndel,61029969,204-993-0181
649,Torrance,Cadreman,83734976,276-738-2924
650,Boot,Capener,77335470,154-422-4924
651,Israel,Grills,51881164,106-634-5311
652,Tyrone,Idenden,55623985,525-898-9837
653,Annmaria,Lunn,25524027,316-192-6090
654,Gabby,Bingle,90061699,827-821-0887
655,Chryste,Haythorn,39436967,592-917-5850
656,Grantham,Dahler,17851146,140-665-6974
657,Elissa,Askem,54118207,778-767-0870
658,Grannie,Fulop,44522434,671-136-3613
659,Deane,Critten,20423110,878-452-2598
660,Harcourt,Londer,54333403,864-927-5445
661,Eugine,Canfield,59227100,452-276-1007
662,Shena,Darter,41185262,474-540-7671
663,Marietta,Aysik,93153866,755-642-5547
664,Madelyn,Krout,72337239,101-984-5727
665,Maury,Filippyev,59295734,491-993-2271
666,Arlan,Betteriss,44606946,770-395-4634
667,Tiff,Becarra,27989493,630-801-6123
668,Ashely,Dearing,61717646,515-461-6797
669,Dona,Pinyon,47601918,649-813-5119
670,Sara-ann,Tickner,33332259,970-527-1023
671,Mortimer,Itzcovich,28647354,149-944-6994
672,Marena,Deam,43036875,774-751-0155
673,Haskell,Vaughten,76555072,788-631-5586
674,Witty,Gommes,24184239,613-537-2251
675,Nolie,Carver,65905280,155-421-1721
676,Torr,Parkins,62891631,181-610-0738
677,Shelly,Hazlewood,30788164,188-223-0557
678,Mace,Sahlstrom,22566756,339-172-2960
679,Dexter,Braddock,53204649,386-596-9415
680,Townie,Pettyfar,89731608,250-580-6171
681,Nadia,Pulteneye,27362880,837-126-9369
682,Sven,Aartsen,30636853,754-204-5530
683,Else,Wasson,66169689,725-304-2448
684,Hadlee,Babidge,40422543,478-396-3317
685,Stafford,Laurentin,83342349,589-467-3320
686,Pavlov,Caine,53339751,266-729-9209
687,Faulkner,Muslim,46179600,169-310-2793
688,Steffie,Bodicum,33377831,587-495-6896
689,Ernesto,Enderle,91754754,903-410-7158
690,Reginauld,Craigg,47981339,434-292-6707
691,Ford,Blethyn,73242475,338-220-1566
692,Deidre,Weerdenburg,52638686,237-139-3179
693,Omero,Terrett,40346184,314-278-9694
694,Reinald,Zecchinelli,11559760,126-243-2773
695,Minette,Campione,59091497,969-645-8089
696,Eolanda,Fitzsymon,31064551,947-187-9183
697,Gil,St. Leger,96992460,193-765-9458
698,Damian,Hallifax,76917930,453-904-9039
699,Patrick,Petyakov,62742239,674-444-9762
700,Toby,Zum Felde,76414728,550-202-5607
701,Orelee,Vedyashkin,45519049,815-502-7378
702,Hi,Davidov,87397189,264-700-6138
703,Nil,Morl,93885660,482-133-5758
704,Kamilah,Cosely,16239951,809-458-6918
705,Cam,Trime,99860272,140-636-1049
706,Bengt,Haywood,98436398,688-139-2161
707,Norry,Sunshine,82323890,341-692-2289
708,Cyndia,Linacre,68364640,190-794-3196
709,Dyan,Naylor,49742961,591-625-6743
710,Robinetta,De Morena,12010097,767-302-1635
711,Ninnette,Christall,81328838,298-188-1637
712,Gusella,Agate,48522078,517-214-0956
713,Sindee,Lawrance,20524067,606-894-5887
714,Tiebold,Youel,80752835,588-598-1357
715,Alexis,Melloi,62561852,233-405-8750
716,Julita,Tackley,52254701,747-645-3215
717,Domenico,MacAllan,49811849,978-738-8949
718,Carolus,Bridat,84870220,893-174-0533
719,Donnie,Robbert,43957833,759-267-2856
720,Tobi,Maes,66737127,222-273-0544
721,Padraig,Exeter,26107763,897-878-8112
722,Bernie,Hayter,73888453,863-443-5403
723,Anette,Kohnert,23888564,608-789-8377
724,Zacharias,MacCorley,24195165,829-434-5704
725,Kata,Hearnshaw,22454175,562-736-2195
726,Ronalda,Illidge,74965274,536-440-7984
727,Georgi,Klimmek,62548753,524-927-3341
728,Glynnis,Cusick,73900984,238-610-1938
729,Philly,Banbrick,26099496,304-891-9004
730,Rhianna,Delagnes,83863060,544-306-9686
731,Hannie,Jaggi,86963556,965-589-8940
732,Florry,Grayshan,36093433,602-560-8580
733,Maison,Sangra,15797565,644-571-8043
734,Mandie,Lilley,91695660,262-387-3574
735,Ambrose,Leopard,88208155,272-376-5536
736,Ludwig,Garroch,66239001,708-941-6371
737,Chloe,Bramall,58675451,179-189-1210
738,Jayme,Ardling,53448770,299-738-8057
739,Odilia,Allmann,94442685,253-727-1145
740,Kassey,Brosini,62621810,614-441-9714
741,Aurilia,Cowperthwaite,34524379,882-649-3337
742,Rycca,Samsonsen,67931603,861-274-2055
743,Arliene,Scawen,10541461,918-395-4086
744,Grazia,Gurwood,54406216,442-871-3691
745,Alyss,Le Frank,39924851,571-738-3374
746,Miran,Indge,85419974,332-615-1939
747,Freeland,Ringe,15248565,489-207-3907
748,Cedric,Halsted,56267058,915-785-4063
749,Joseph,Rydzynski,29889067,961-757-1663
750,Roze,De Francesco,23513147,952-541-9964
751,Vanessa,Pynner,36199800,135-292-5430
752,Selle,Squire,78565670,731-274-4025
753,Madalyn,Gathercole,44418805,470-287-6535
754,Enrique,Nasi,84012731,462-818-2479
755,Sephira,Hatcher,89650289,408-682-2941
756,Rutter,Give,97522058,727-131-8023
757,Jonathon,Stiant,54114204,693-678-8520
758,Riobard,Frise,97048414,529-638-5793
759,Graeme,Balsom,42388237,857-892-5722
760,Freedman,Toner,45565324,198-241-6637
761,Marlon,Gregan,32582100,957-144-0569
762,Wanids,Hatcliffe,77247490,143-859-9970
763,Floris,Lowthian,62864374,992-704-7876
764,Jay,Ugoni,69379953,364-583-2022
765,Robb,Schowenburg,98780860,109-935-9035
766,Billy,Snoday,70713659,518-790-3932
767,Dore,Keling,58100536,750-932-0416
768,Gareth,Le Brum,35929818,512-685-4977
769,Jehanna,Petru,19533671,372-969-4158
770,Cindi,Mertsching,59064675,661-129-2853
771,Mac,Dacey,68821526,992-364-9778
772,Rosabel,Harkins,52649469,917-697-4497
773,Glenna,Blaise,81582900,621-461-6489
774,Omar,Yeskov,85777530,380-485-2424
775,Walliw,Giraudy,75509952,376-610-0687
776,Crista,Simenot,42107382,404-472-9793
777,Washington,Temlett,44572940,722-737-5212
778,Jarrod,Willsmore,88443739,614-895-4712
779,Kiersten,Coombe,57905047,820-729-2421
780,Darda,Driussi,83672379,713-418-3888
781,Judith,Seppey,72534094,586-119-1542
782,Sallie,Jayme,25697713,983-127-1340
783,Casandra,Pettegree,33077633,816-426-6457
784,Giana,Notman,76140748,567-591-8683
785,Georgy,Sproul,47959316,588-105-1689
786,Eugine,Redmore,89015643,160-832-7913
787,Tabby,Dunmore,42712394,770-681-0719
788,Farlay,Lurcock,22889141,746-878-8901
789,Alie,Roelofsen,47327823,721-359-8843
790,Bobbie,Thormann,79656102,965-572-6961
791,Vonnie,Kobisch,92611665,730-454-5524
792,Brodie,Brocket,27259142,533-522-7025
793,Saree,Broomhall,96698092,237-706-9349
794,Melissa,Pollicott,55402451,816-197-9341
795,Tomlin,Brignall,64577969,878-135-0320
796,Burtie,Cabedo,55257822,901-908-7722
797,Katinka,Lenoir,73589531,338-969-4455
798,Correna,Flear,72588376,970-723-7598
799,Wolfy,Costell,17875874,349-174-4128
800,Filberto,Rearie,30168086,779-293-3736
801,Ki,Melmeth,50070407,379-572-7351
802,Manuel,Sissel,51372179,386-502-8828
803,Carmon,Fearnley,46453915,983-981-4180
804,Jacques,Burnand,82925087,298-374-8522
805,Lanni,Haskew,79442116,845-618-5297
806,Perice,Besque,13807608,500-938-8134
807,Rori,Yurygyn,18726203,345-835-6930
808,Idette,Puxley,87884609,250-594-9248
809,Karleen,Fernez,92507916,934-326-2340
810,Zackariah,Girdlestone,43672362,344-100-2550
811,Elnore,Richter,63244232,751-618-8337
812,Hanan,Copestick,57767883,200-827-7147
813,Blondelle,Pigdon,41303419,849-515-5906
814,Darice,Tillman,96227879,148-595-1951
815,Arnold,Belderson,77584920,616-944-5272
816,Desdemona,Sima,40793311,435-119-4577
817,Zebedee,Reeds,97368672,289-307-2275
818,Rose,Hudghton,32519030,595-802-7654
819,Stacey,Littefair,67881481,967-274-1217
820,Erna,Jose,51373173,700-242-6179
821,Laural,Steinson,48308073,870-211-7349
822,Alonso,Reyner,41150788,786-700-0368
823,Dela,Kwietak,14490289,646-791-6006
824,Alexis,Itzkovici,18854828,382-654-4771
825,Kate,Goldberg,87777483,609-564-9154
826,Royce,Jarrel,63557477,823-111-0712
827,Dena,Hoolaghan,16981129,416-639-8062
828,Kelvin,Keelan,32056028,855-885-2801
829,Alberik,Gibbetts,91801951,425-943-6913
830,Cirilo,Pedracci,34400047,620-553-6928
831,Emilie,Crankhorn,95479670,941-886-9597
832,Pascal,Gouldsmith,18170170,235-623-9911
833,Kerwin,Sudlow,39758890,261-344-0160
834,Lurette,Busby,39625880,874-462-7655
835,Nataline,Baldung,78307564,580-643-0688
836,Orrin,Steadman,47467075,944-414-5345
837,Alberto,Gudyer,92632618,404-779-5305
838,Adora,Harrod,17015701,467-722-7662
839,Jens,Samett,67906978,185-265-5814
840,Emile,Roiz,26512392,848-843-6742
841,Loydie,Pinnell,66994433,838-729-3708
842,Karol,Minerdo,99555967,991-319-6341
843,Sadye,Dinnington,24182593,865-373-0630
844,Horst,Cicco,11191472,717-309-4104
845,Jeanette,Tschierasche,16943338,837-296-1080
846,Luce,Gabby,46587936,508-950-1730
847,Antin,Danslow,58481491,902-251-5179
848,Max,Stabbins,83013383,619-369-8168
849,Norby,Entissle,25288149,750-241-7659
850,Grazia,Stiffkins,75192485,153-878-4484
